Activity Type,Date,Favorite,Title,Distance,Calories,Time,Avg HR,Max HR,Aerobic TE,Avg Cadence,Max Cadence,Avg Pace,Best Pace,Total Ascent,Total Descent,Avg Stride Length,Avg Vertical Ratio,Avg Vertical Oscillation,Avg Ground Contact Time,Avg GCT Balance,Normalized Power® (NP®),Training Stress Score®,Avg Power,Max Power,Steps,Total Reps,Total Sets,Body Battery Drain,Decompression,Best Lap Time,Number of Laps,Max Temp,Avg Resp,Min Resp,Max Resp,Stress Change,Stress Start,Stress End,Avg Stress,Max Stress,Moving Time,Elapsed Time,Min Elevation,Max Elevation
Walking,2026-05-24 19:07:08,false,"Paris Walking","0.81","47","00:10:37","110","119","0.3","106","122","13:04","9:49","8","--","0.72","--","--","--","--","--","0.0","--","--","1,156","--","--","-1","No","00:10:37","1","--","--","--","--","--","--","--","--","--","00:10:17","00:10:37","36","49"
Walking,2026-05-24 17:50:04,false,"Paris Walking","0.85","63","00:16:17","103","119","0.4","71","150","19:13","6:59","5","11","0.73","--","--","--","--","--","0.0","--","--","1,292","--","--","-1","No","00:16:17","1","--","--","--","--","--","--","--","--","--","00:11:06","00:16:17","36","49"
Walking,2026-05-24 12:39:14,false,"Paris Walking","0.51","36","00:10:40","93","111","0.2","52","158","20:47","7:34","10","8","0.93","--","--","--","--","--","0.0","--","--","796","--","--","--","No","00:10:40","1","--","--","--","--","--","--","--","--","--","00:07:42","00:10:40","38","45"
Walking,2026-05-23 10:25:26,false,"Vélizy-Villacoublay Walking","0.67","60","00:17:45","95","119","0.2","50","158","26:25","8:05","3","3","0.75","--","--","--","--","--","0.0","--","--","1,100","--","--","-1","No","00:17:45","1","--","--","--","--","--","--","--","--","--","00:11:15","00:17:45","174","181"
Walking,2026-05-21 19:00:04,false,"Paris Walking","0.36","32","00:05:14.3","129","150","0.6","85","122","14:43","6:03","5","5","0.80","--","--","--","--","--","0.0","--","--","498","--","--","--","No","00:05:14.3","1","--","--","--","--","--","--","--","--","--","00:04:50","00:05:14.3","29","35"
Walking,2026-05-20 09:23:21,false,"Gennevilliers Walking","0.42","35","00:07:26.8","113","130","0.3","70","123","17:44","5:50","--","--","0.81","--","--","--","--","--","0.0","--","--","602","--","--","--","No","00:07:26.8","1","--","--","--","--","--","--","--","--","--","00:04:33","00:07:26.8","29","32"
Walking,2026-05-19 17:34:46,false,"Paris Walking","0.78","61","00:11:16","120","141","0.7","82","143","14:26","8:12","3","--","0.85","--","--","--","--","--","0.0","--","--","968","--","--","-2","No","00:11:16","1","--","--","--","--","--","--","--","--","--","00:07:29","00:11:16","38","45"
Walking,2026-05-19 08:28:23,false,"Gennevilliers Walking","0.86","60","00:14:36","105","126","0.3","72","124","17:00","9:04","2","1","0.82","--","--","--","--","--","0.0","--","--","1,184","--","--","--","No","00:14:36","1","--","--","--","--","--","--","--","--","--","00:09:35","00:14:36","28","32"
Walking,2026-05-18 08:51:52,false,"Gennevilliers Walking","0.82","56","00:10:54","119","139","0.5","93","125","13:16","3:28","--","--","0.81","--","--","--","--","--","0.0","--","--","1,138","--","--","--","No","00:10:54","1","--","--","--","--","--","--","--","--","--","00:08:51","00:10:54","28","32"
Walking,2026-05-16 21:48:01,false,"Paris Walking","0.48","38","00:06:18.6","124","141","0.7","104","128","13:09","6:21","--","--","0.73","--","--","--","--","--","0.0","--","--","690","--","--","-1","No","00:00:01.4","2","--","--","--","--","--","--","--","--","--","00:05:54","00:06:18.6","41","46"
Running,2026-05-16 15:58:36,false,"Paris Running","0.59","33","00:07:33.7","100","106","0.2","111","121","12:50","5:40","4","13","0.75","7.9","5.8","--","--","103","0.0","98","181","846","--","--","--","No","00:07:33.7","1","--","--","--","--","--","--","--","--","--","00:07:23","00:07:33.7","39","50"
Walking,2026-05-15 11:52:44,false,"Paris Walking","0.84","52","00:12:23","98","113","0.3","89","119","14:45","4:57","23","6","0.76","--","--","--","--","--","0.0","--","--","1,158","--","--","--","No","00:12:23","1","--","--","--","--","--","--","--","--","--","00:10:04","00:12:23","35","59"
Walking,2026-05-13 08:44:11,false,"Gennevilliers Walking","0.38","26","00:05:21.7","111","123","0.2","101","120","14:16","8:40","--","--","0.69","--","--","--","--","--","0.0","--","--","586","--","--","--","No","00:05:21.7","1","--","--","--","--","--","--","--","--","--","00:05:03","00:05:21.7","29","32"
Walking,2026-05-12 22:18:56,false,"Paris Walking","0.36","28","00:06:38.5","102","130","0.2","86","163","18:36","8:05","--","7","0.62","--","--","--","--","--","0.0","--","--","618","--","--","--","No","00:06:38.5","1","--","--","--","--","--","--","--","--","--","00:05:55","00:06:38.5","39","48"
Walking,2026-05-12 09:18:59,false,"Gennevilliers Walking","0.56","44","00:09:12.3","111","130","0.3","85","128","16:23","7:52","3","--","0.72","--","--","--","--","--","0.0","--","--","850","--","--","-1","No","00:09:12.3","1","--","--","--","--","--","--","--","--","--","00:06:54","00:09:12.3","28","32"
Walking,2026-05-11 08:59:19,false,"Gennevilliers Walking","0.64","45","00:10:27","106","124","0.3","78","122","16:14","7:30","3","2","0.79","--","--","--","--","--","0.0","--","--","880","--","--","--","No","00:10:27","1","--","--","--","--","--","--","--","--","--","00:07:24","00:10:27","28","32"
Walking,2026-05-09 20:46:20,false,"Amsterdam Walking","0.91","56","00:13:44","98","109","0.3","88","225","15:02","6:17","--","--","0.75","--","--","--","--","--","0.0","--","--","1,270","--","--","-1","No","00:13:44","1","--","--","--","--","--","--","--","--","--","00:10:29","00:13:44","3","11"
Walking,2026-05-09 19:29:05,false,"Amsterdam Walking","0.59","48","00:10:36","107","120","0.4","70","124","17:51","2:20","6","4","0.80","--","--","--","--","--","0.0","--","--","802","--","--","--","No","00:10:36","1","--","--","--","--","--","--","--","--","--","00:06:37","00:10:36","3","10"
Walking,2026-05-09 18:15:19,false,"Amsterdam Walking","0.81","59","00:12:54","114","128","0.4","76","143","16:01","10:09","5","10","0.82","--","--","--","--","--","0.0","--","--","1,176","--","--","--","No","00:12:54","1","--","--","--","--","--","--","--","--","--","00:10:31","00:12:54","3","11"
Walking,2026-05-09 15:36:38,false,"Amsterdam Walking","1.67","97","00:20:56","114","128","0.6","101","125","12:35","7:00","14","15","0.79","--","--","--","--","--","0.0","--","--","2,256","--","--","-2","No","00:08:38.6","2","--","--","--","--","--","--","--","--","--","00:20:15","00:20:56","4","21"
Walking,2026-05-09 14:34:16,false,"Amsterdam Walking","0.60","46","00:12:02","104","113","0.2","66","156","20:00","1:39","4","--","0.76","--","--","--","--","--","0.0","--","--","894","--","--","--","No","00:12:02","1","--","--","--","--","--","--","--","--","--","00:08:57","00:12:02","7","14"
Walking,2026-05-09 12:34:20,false,"Amsterdam Walking","0.53","31","00:08:03.3","94","107","0.2","92","118","15:12","3:01","4","--","0.71","--","--","--","--","--","0.0","--","--","794","--","--","-1","No","00:08:03.3","1","--","--","--","--","--","--","--","--","--","00:07:23","00:08:03.3","4","10"
Walking,2026-05-08 23:34:35,false,"Amsterdam Walking","0.72","68","00:17:30","105","115","0.3","53","158","24:11","5:58","--","3","0.78","--","--","--","--","--","0.0","--","--","1,152","--","--","-1","No","00:17:30","1","--","--","--","--","--","--","--","--","--","00:11:27","00:17:30","4","10"
Walking,2026-05-08 20:49:50,false,"Amsterdam Walking","0.66","71","00:12:24","125","136","0.7","67","152","18:40","5:55","2","--","0.79","--","--","--","--","--","0.0","--","--","954","--","--","-2","No","00:12:24","1","--","--","--","--","--","--","--","--","--","00:09:07","00:12:24","5","10"
Walking,2026-05-08 18:39:58,false,"Amsterdam Walking","0.26","18","00:05:12.9","94","100","0.1","69","158","20:09","6:00","4","--","0.71","--","--","--","--","--","0.0","--","--","388","--","--","-1","No","00:05:12.9","1","--","--","--","--","--","--","--","--","--","00:03:53","00:05:12.9","9","15"
Walking,2026-05-08 18:20:58,false,"Amsterdam Walking","0.52","36","00:10:21","91","108","0.2","60","122","19:49","6:47","9","20","0.84","--","--","--","--","--","0.0","--","--","746","--","--","-1","No","00:10:21","1","--","--","--","--","--","--","--","--","--","00:06:20","00:10:21","-4","13"
Walking,2026-05-08 17:56:29,false,"Amsterdam Walking","0.82","54","00:15:52","89","108","0.2","71","122","19:26","5:58","4","11","0.72","--","--","--","--","--","0.0","--","--","1,246","--","--","--","No","00:15:52","1","--","--","--","--","--","--","--","--","--","00:11:24","00:15:52","--","10"
Walking,2026-05-08 17:12:35,false,"Amsterdam Walking","0.54","36","00:11:01","91","104","0.2","63","118","20:17","5:51","3","--","0.78","--","--","--","--","--","0.0","--","--","808","--","--","--","No","00:11:01","1","--","--","--","--","--","--","--","--","--","00:07:55","00:11:01","-1","10"
Walking,2026-05-08 16:38:36,false,"Amsterdam Walking","1.00","61","00:18:20","94","107","0.2","67","126","18:21","8:28","6","8","0.81","--","--","--","--","--","0.0","--","--","1,476","--","--","-1","No","00:18:20","1","--","--","--","--","--","--","--","--","--","00:14:11","00:18:20","1","11"
Walking,2026-05-08 16:15:31,false,"Amsterdam Walking","0.42","34","00:09:01.0","101","116","0.2","62","119","21:40","5:23","5","2","0.75","--","--","--","--","--","0.0","--","--","670","--","--","--","No","00:09:01.0","1","--","--","--","--","--","--","--","--","--","00:06:25","00:09:01.0","8","14"
Walking,2026-05-08 14:01:23,false,"Amsterdam Walking","1.23","78","00:21:09","98","109","0.4","72","158","17:15","7:36","18","13","0.81","--","--","--","--","--","0.0","--","--","1,868","--","--","-1","No","00:05:29.5","2","--","--","--","--","--","--","--","--","--","00:17:13","00:21:09","3","21"
Walking,2026-05-08 10:44:26,false,"Amsterdam Walking","0.67","47","00:09:50.9","111","125","0.3","82","130","14:39","6:21","9","15","0.84","--","--","--","--","--","0.0","--","--","842","--","--","--","No","00:09:50.9","1","--","--","--","--","--","--","--","--","--","00:06:43","00:09:50.9","3","15"
Walking,2026-05-06 09:00:11,false,"Gennevilliers Walking","0.59","41","00:08:58.2","109","119","0.3","87","139","15:15","5:27","3","--","0.75","--","--","--","--","--","0.0","--","--","900","--","--","--","No","00:08:58.2","1","--","--","--","--","--","--","--","--","--","00:07:01","00:08:58.2","28","32"
Walking,2026-05-05 08:44:32,false,"Gennevilliers Walking","0.62","47","00:10:52","107","124","0.3","78","158","17:28","7:19","3","2","0.74","--","--","--","--","--","0.0","--","--","948","--","--","-1","No","00:10:52","1","--","--","--","--","--","--","--","--","--","00:07:33","00:10:52","28","32"
Running,2026-05-04 09:16:38,false,"Gennevilliers Running","0.70","47","00:09:42.6","112","131","0.4","101","124","13:51","7:30","5","6","0.73","8.1","5.9","457","--","219","0.0","116","821","1,044","--","--","-1","No","00:09:42.6","1","--","--","--","--","--","--","--","--","--","00:08:20","00:09:42.6","28","32"
Walking,2026-05-02 15:45:29,false,"Mesquer Walking","0.95","61","00:16:24","103","125","0.3","86","152","17:14","3:59","9","2","0.68","--","--","--","--","--","0.0","--","--","1,552","--","--","--","No","00:16:24","1","--","--","--","--","--","--","--","--","--","00:15:36","00:16:32","1","8"
Walking,2026-05-02 15:08:49,false,"Mesquer Walking","0.35","32","00:10:05","95","125","0.1","52","158","29:08","4:01","4","--","0.66","--","--","--","--","--","0.0","--","--","614","--","--","--","No","00:10:05","1","--","--","--","--","--","--","--","--","--","00:06:24","00:10:05","--","4"
Walking,2026-05-01 22:33:42,false,"Pornichet Walking","0.74","45","00:14:13","94","105","0.2","84","156","19:09","10:20","3","5","0.62","--","--","--","--","--","0.0","--","--","1,274","--","--","--","No","00:14:13","1","--","--","--","--","--","--","--","--","--","00:13:36","00:14:13","3","10"
Walking,2026-04-30 09:16:18,false,"Gennevilliers Walking","0.51","31","00:06:16.9","118","124","0.3","112","124","12:12","8:14","3","--","0.73","--","--","--","--","--","0.0","--","--","738","--","--","--","No","00:06:16.9","1","--","--","--","--","--","--","--","--","--","00:06:15","00:06:16.9","28","32"
Treadmill Running,2026-04-29 19:11:23,false,"Treadmill Running","1.86","112","00:12:20","152","176","2.5","142","163","6:37","4:43","--","--","1.05","8.9","9.4","280","--","252","0.0","220","340","1,760","--","--","-3","No","00:05:48.4","2","--","--","--","--","--","--","--","--","--","00:11:52","00:12:21","--","--"
Walking,2026-04-29 09:15:44,false,"Gennevilliers Walking","0.47","27","00:05:26.9","114","121","0.3","110","228","11:40","7:21","4","--","0.78","--","--","--","--","--","0.0","--","--","622","--","--","-1","No","00:05:26.9","1","--","--","--","--","--","--","--","--","--","00:05:07","00:05:26.9","28","32"
Treadmill Running,2026-04-28 18:25:34,false,"Treadmill Running","2.14","129","00:14:31","145","158","2.5","150","160","6:47","6:06","--","--","0.98","9.8","9.6","291","--","233","0.0","224","252","2,192","--","--","-3","No","00:01:15.6","3","--","--","--","--","--","--","--","--","--","00:13:57","00:14:31","--","--"
Walking,2026-04-28 09:36:26,false,"Gennevilliers Walking","0.60","47","00:09:14.7","116","131","0.5","81","128","15:26","7:21","3","--","0.80","--","--","--","--","--","0.0","--","--","810","--","--","-1","No","00:09:14.7","1","--","--","--","--","--","--","--","--","--","00:06:13","00:09:14.7","28","32"
Walking,2026-04-27 21:55:54,false,"Paris Walking","0.33","21","00:05:24.0","103","108","0.1","91","109","16:18","10:31","5","1","0.67","--","--","--","--","--","0.0","--","--","526","--","--","--","No","00:05:24.0","1","--","--","--","--","--","--","--","--","--","00:05:12","00:05:24.0","35","41"
Walking,2026-04-20 18:22:17,false,"Courbevoie Walking","0.49","32","00:07:20.9","101","125","0.3","88","126","14:52","4:04","30","3","0.76","--","--","--","--","--","0.0","--","--","706","--","--","-1","No","00:07:20.9","1","--","--","--","--","--","--","--","--","--","00:06:05","00:07:20.9","40","68"
Walking,2026-04-20 08:53:36,false,"Gennevilliers Walking","0.60","43","00:09:40.3","105","129","0.3","79","126","16:02","6:19","3","2","0.79","--","--","--","--","--","0.0","--","--","820","--","--","-1","No","00:09:40.3","1","--","--","--","--","--","--","--","--","--","00:06:57","00:09:40.3","28","32"
Walking,2026-04-18 10:55:49,false,"Paris Walking","0.88","63","00:15:20","98","114","0.4","72","150","17:23","5:07","16","--","0.80","--","--","--","--","--","0.0","--","--","1,190","--","--","-1","No","00:15:20","1","--","--","--","--","--","--","--","--","--","00:09:56","00:15:20","35","57"
Walking,2026-04-17 20:06:31,false,"Paris Walking","1.34","86","00:17:19","113","125","0.6","98","129","12:57","6:51","10","13","0.79","--","--","--","--","--","0.0","--","--","1,812","--","--","-1","No","00:05:41.9","2","--","--","--","--","--","--","--","--","--","00:14:36","00:17:19","36","47"
Treadmill Running,2026-04-17 17:11:15,false,"Treadmill Running","3.60","289","00:52:09","128","170","3.0","83","240","14:30","5:24","--","--","1.00","9.4","8.9","288","--","195","0.0","103","284","3,796","--","--","-5","No","00:05:48.2","4","--","--","--","--","--","--","--","--","--","00:24:53","00:54:41","--","--"
Walking,2026-04-17 09:32:50,false,"Gennevilliers Walking","0.61","50","00:10:34","111","136","0.4","71","125","17:27","9:55","3","1","0.81","--","--","--","--","--","0.0","--","--","872","--","--","--","No","00:10:34","1","--","--","--","--","--","--","--","--","--","00:06:17","00:10:34","28","32"
Walking,2026-04-16 13:38:49,false,"Gennevilliers Walking","0.86","62","00:15:52","105","126","0.3","81","140","18:27","4:03","2","--","0.67","--","--","--","--","--","0.0","--","--","1,380","--","--","-1","No","00:15:52","1","--","--","--","--","--","--","--","--","--","00:12:20","00:15:52","27","32"
Walking,2026-04-16 11:53:45,false,"Gennevilliers Walking","0.97","61","00:16:55","90","106","0.3","83","129","17:27","6:33","2","2","0.69","--","--","--","--","--","0.0","--","--","1,440","--","--","-2","No","00:16:55","1","--","--","--","--","--","--","--","--","--","00:13:06","00:16:55","27","32"
Treadmill Running,2026-04-15 18:26:19,false,"Treadmill Running","3.04","180","00:22:06","140","162","2.7","141","162","7:16","5:50","--","--","1.00","9.5","9.5","286","--","232","0.0","208","265","3,116","--","--","-5","No","00:00:31.4","4","--","--","--","--","--","--","--","--","--","00:19:41","00:22:06","--","--"
Walking,2026-04-15 17:34:22,false,"Paris Walking","1.47","74","00:16:59","102","127","0.5","59","125","11:31","3:23","7","2","2.57","--","--","--","--","--","0.0","--","--","1,208","--","--","-1","No","00:04:28.3","2","--","--","--","--","--","--","--","--","--","00:13:04","00:16:59","38","47"
Walking,2026-04-15 08:59:49,false,"Gennevilliers Walking","0.66","45","00:10:30","103","124","0.3","77","122","16:02","7:36","4","2","0.81","--","--","--","--","--","0.0","--","--","950","--","--","-1","No","00:10:30","1","--","--","--","--","--","--","--","--","--","00:07:03","00:10:30","28","32"
Walking,2026-04-14 09:03:18,false,"Gennevilliers Walking","0.61","45","00:09:02.2","115","131","0.4","91","125","14:52","6:07","3","2","0.74","--","--","--","--","--","0.0","--","--","878","--","--","--","No","00:09:02.2","1","--","--","--","--","--","--","--","--","--","00:07:26","00:09:02.2","28","32"
Walking,2026-04-13 08:56:53,false,"Gennevilliers Walking","0.63","44","00:10:24","102","116","0.3","77","126","16:23","7:00","3","2","0.80","--","--","--","--","--","0.0","--","--","880","--","--","--","No","00:10:24","1","--","--","--","--","--","--","--","--","--","00:06:33","00:10:24","28","32"
Walking,2026-04-12 14:12:54,false,"Vélizy-Villacoublay Walking","2.66","177","00:48:09","101","130","0.5","77","235","18:06","7:21","28","29","0.72","--","--","--","--","--","0.0","--","--","4,098","--","--","-5","No","00:12:08","3","--","--","--","--","--","--","--","--","--","00:41:08","00:48:09","171","183"
Walking,2026-04-11 15:34:55,false,"Vélizy-Villacoublay Walking","1.94","133","00:34:29","106","128","0.5","77","188","17:47","9:18","12","15","0.73","--","--","--","--","--","0.0","--","--","2,900","--","--","-2","No","00:15:43","2","--","--","--","--","--","--","--","--","--","00:26:52","00:34:29","174","184"
Walking,2026-04-10 21:38:28,false,"Paris Walking","0.87","66","00:16:29","103","119","0.3","72","159","19:03","4:47","7","13","0.73","--","--","--","--","--","0.0","--","--","1,218","--","--","--","No","00:16:29","1","--","--","--","--","--","--","--","--","--","00:12:44","00:16:36","35","49"
Walking,2026-04-10 19:24:28,false,"Paris Walking","0.31","20","00:06:34.9","80","89","0.1","68","113","21:34","8:45","11","5","0.69","--","--","--","--","--","0.0","--","--","466","--","--","--","No","00:06:34.9","1","--","--","--","--","--","--","--","--","--","00:04:06","00:06:34.9","40","49"
Walking,2026-04-10 09:46:51,false,"Gennevilliers Walking","0.68","45","00:11:36","98","115","0.2","69","122","17:05","8:35","3","1","0.85","--","--","--","--","--","0.0","--","--","956","--","--","-3","No","00:11:36","1","--","--","--","--","--","--","--","--","--","00:07:45","00:11:36","28","32"
Walking,2026-04-09 10:36:15,false,"Gennevilliers Walking","1.18","70","00:16:09","107","121","0.4","93","234","13:40","6:10","--","--","0.82","--","--","--","--","--","0.0","--","--","1,574","--","--","-1","No","00:04:52.0","2","--","--","--","--","--","--","--","--","--","00:12:51","00:16:09","28","32"
Walking,2026-04-08 09:45:37,false,"Gennevilliers Walking","0.57","38","00:07:54.2","110","128","0.3","93","124","13:57","5:27","4","2","0.77","--","--","--","--","--","0.0","--","--","826","--","--","--","No","00:07:54.2","1","--","--","--","--","--","--","--","--","--","00:06:32","00:07:54.2","28","32"
Walking,2026-04-07 09:55:02,false,"Gennevilliers Walking","0.64","46","00:10:16","102","120","0.3","74","136","15:57","7:28","3","2","0.85","--","--","--","--","--","0.0","--","--","840","--","--","--","No","00:10:16","1","--","--","--","--","--","--","--","--","--","00:06:07","00:10:16","28","32"
Walking,2026-04-06 18:27:46,false,"Paris Walking","1.23","79","00:20:29","97","135","0.4","73","150","16:39","7:04","6","6","0.95","--","--","--","--","--","0.0","--","--","1,696","--","--","-1","No","00:06:26.4","2","--","--","--","--","--","--","--","--","--","00:14:45","00:20:29","37","46"
Walking,2026-04-06 17:37:55,false,"Paris Walking","1.02","67","00:16:58","98","109","0.3","85","128","16:40","6:20","--","3","0.61","--","--","--","--","--","0.0","--","--","1,558","--","--","-1","No","00:00:16.6","3","--","--","--","--","--","--","--","--","--","00:13:17","00:16:58","37","44"
Walking,2026-04-06 14:53:05,false,"Paris Walking","0.93","70","00:14:58","112","134","0.5","70","143","16:11","4:40","8","3","0.88","--","--","--","--","--","0.0","--","--","1,160","--","--","-1","No","00:14:58","1","--","--","--","--","--","--","--","--","--","00:09:55","00:14:58","37","45"
Walking,2026-04-06 13:54:38,false,"Paris Walking","0.76","74","00:13:22","118","140","0.8","82","158","17:34","7:04","--","10","0.70","--","--","--","--","--","0.0","--","--","1,140","--","--","-2","No","00:13:22","1","--","--","--","--","--","--","--","--","--","00:10:05","00:13:22","34","45"
Walking,2026-04-04 18:04:25,false,"Vélizy-Villacoublay Walking","0.31","25","00:06:46.9","95","109","0.1","58","150","21:44","7:36","1","10","0.80","--","--","--","--","--","0.0","--","--","488","--","--","--","No","00:06:46.9","1","--","--","--","--","--","--","--","--","--","00:04:37","00:06:46.9","169","180"
Running,2026-04-04 13:14:48,false,"Paris Running","0.22","14","00:03:18.5","100","112","0.1","80","129","14:52","7:52","--","11","0.73","8.2","5.9","457","--","87","0.0","61","164","294","--","--","--","No","00:03:18.5","1","--","--","--","--","--","--","--","--","--","00:02:20","00:03:18.5","32","44"
Treadmill Running,2026-04-02 18:58:28,false,"Treadmill Running","1.86","123","00:22:01","117","144","1.2","110","165","11:49","5:47","--","--","0.85","8.8","7.3","342","--","164","0.0","114","281","2,422","--","--","-2","No","00:09:49.0","2","--","--","--","--","--","--","--","--","--","00:17:03","00:22:01","--","--"
Treadmill Running,2026-04-01 18:17:38,false,"Treadmill Running","2.29","155","00:21:53","129","151","2.1","130","167","9:34","5:46","--","--","0.85","9.1","7.6","346","--","179","0.0","145","275","2,900","--","--","-3","No","00:01:56.2","3","--","--","--","--","--","--","--","--","--","00:20:06","00:21:53","--","--"
Running,2026-04-01 08:20:34,false,"Running","0.18","10","00:02:19.5","102","106","0.0","105","115","12:56","11:40","--","--","0.74","7.9","5.9","--","--","89","0.0","84","104","254","--","--","--","No","00:02:19.5","1","--","--","--","--","--","--","--","--","--","00:02:10","00:02:19.5","--","--"
Walking,2026-03-31 09:05:43,false,"Gennevilliers Walking","0.54","45","00:09:12.0","112","126","0.3","82","125","17:00","8:21","1","--","0.72","--","--","--","--","--","0.0","--","--","890","--","--","-1","No","00:09:12.0","1","--","--","--","--","--","--","--","--","--","00:06:25","00:09:12.0","29","32"
Walking,2026-03-30 08:55:29,false,"Gennevilliers Walking","0.48","27","00:05:15.4","115","121","0.2","118","126","10:56","8:21","3","--","0.77","--","--","--","--","--","0.0","--","--","624","--","--","--","No","00:00:01.3","2","--","--","--","--","--","--","--","--","--","00:05:15","00:05:15.4","28","32"
Walking,2026-03-28 21:18:53,false,"Paris Walking","0.52","41","00:09:36.8","96","115","0.2","80","142","18:29","6:41","2","5","0.68","--","--","--","--","--","0.0","--","--","814","--","--","--","No","00:09:36.8","1","--","--","--","--","--","--","--","--","--","00:06:52","00:09:36.8","50","57"
Walking,2026-03-28 16:27:02,false,"Paris Walking","0.42","47","00:07:52.8","128","144","0.6","77","125","18:45","10:34","1","2","0.69","--","--","--","--","--","0.0","--","--","640","--","--","--","No","00:07:52.8","1","--","--","--","--","--","--","--","--","--","00:05:09","00:07:52.8","53","57"
Walking,2026-03-27 23:59:24,false,"Paris Walking","0.36","30","00:06:52.6","99","110","0.2","71","125","19:20","7:52","--","12","0.73","--","--","--","--","--","0.0","--","--","540","--","--","--","No","00:06:52.6","1","--","--","--","--","--","--","--","--","--","00:04:30","00:06:52.6","35","52"
Walking,2026-03-27 17:47:48,false,"Paris Walking","0.70","48","00:12:04","98","107","0.2","62","155","17:15","5:49","25","30","0.94","--","--","--","--","--","0.0","--","--","802","--","--","-1","No","00:12:04","1","--","--","--","--","--","--","--","--","--","00:06:41","00:12:04","35","59"
Running,2026-03-26 18:12:52,false,"Paris Running","0.31","18","00:04:50.2","99","113","0.1","100","133","15:30","8:40","22","13","0.70","8.3","5.8","437","--","100","0.0","80","350","548","--","--","-1","No","00:04:50.2","1","--","--","--","--","--","--","--","--","--","00:04:28","00:04:50.2","28","42"
Running,2026-03-26 09:25:05,false,"Gennevilliers Running","0.31","25","00:04:15.2","117","139","0.3","91","125","13:52","8:51","3","--","0.78","8.1","6.3","452","--","115","0.0","81","180","458","--","--","-1","No","00:04:15.2","1","--","--","--","--","--","--","--","--","--","00:03:09","00:04:15.2","28","32"
Running,2026-03-18 18:40:32,false,"Running","0.25","15","00:01:37.8","143","146","0.4","141","158","6:37","5:56","--","--","0.99","9.8","9.7","291","--","236","0.0","214","261","248","--","--","--","No","00:01:37.8","1","--","--","--","--","--","--","--","--","--","00:01:35","00:01:37.8","--","--"
Walking,2026-03-18 09:01:02,false,"Gennevilliers Walking","0.57","42","00:09:11.8","109","122","0.3","81","145","16:16","9:45","4","2","0.76","--","--","--","--","--","0.0","--","--","776","--","--","-1","No","00:00:01.7","2","--","--","--","--","--","--","--","--","--","00:06:10","00:09:11.8","28","32"
Walking,2026-03-17 08:29:55,false,"Gennevilliers Walking","0.59","41","00:10:37","98","116","0.2","66","119","17:52","8:09","2","--","0.85","--","--","--","--","--","0.0","--","--","880","--","--","-1","No","00:10:37","1","--","--","--","--","--","--","--","--","--","00:06:04","00:10:37","29","32"
Walking,2026-03-16 08:54:05,false,"Gennevilliers Walking","0.66","48","00:11:46","100","123","0.3","67","150","17:48","7:25","3","2","0.84","--","--","--","--","--","0.0","--","--","872","--","--","-1","No","00:11:46","1","--","--","--","--","--","--","--","--","--","00:06:59","00:11:46","28","32"
Walking,2026-03-15 17:15:04,false,"Paris Walking","0.59","39","00:10:37","95","112","0.2","57","155","17:53","9:27","--","9","0.98","--","--","--","--","--","0.0","--","--","840","--","--","--","No","00:10:37","1","--","--","--","--","--","--","--","--","--","00:07:39","00:10:37","34","46"
Running,2026-03-14 18:54:32,false,"Paris Running","0.37","32","00:08:19.8","95","106","0.2","70","158","22:17","7:25","13","--","0.74","8.1","5.8","303","--","119","0.0","69","298","702","--","--","-1","No","00:08:19.8","1","--","--","--","--","--","--","--","--","--","00:04:42","00:08:19.8","37","51"
Running,2026-03-14 18:48:50,false,"Paris Running","0.19","11","00:02:42.5","93","105","0.0","98","119","14:06","5:31","2","--","0.79","7.7","5.9","--","--","91","0.0","86","272","308","--","--","--","No","00:02:42.5","1","--","--","--","--","--","--","--","--","--","00:02:33","00:02:42.5","36","39"
Running,2026-03-14 16:53:46,false,"Paris Running","0.28","19","00:04:56.1","94","104","0.1","75","120","17:45","6:31","6","5","0.78","7.7","5.9","--","--","99","0.0","70","231","406","--","--","--","No","00:01:35.8","2","--","--","--","--","--","--","--","--","--","00:03:05","00:04:56.1","41","46"
Walking,2026-03-14 14:39:24,false,"Paris Walking","0.82","58","00:12:32","110","139","0.5","72","117","15:12","4:22","3","2","0.91","--","--","--","--","--","0.0","--","--","996","--","--","-1","No","00:12:32","1","--","--","--","--","--","--","--","--","--","00:08:52","00:12:32","40","44"
Running,2026-03-14 13:59:51,false,"Paris Running","0.64","46","00:08:52.1","116","122","0.4","94","121","13:57","4:47","9","8","0.79","7.6","5.9","--","--","120","0.0","92","257","888","--","--","-1","No","00:08:52.1","1","--","--","--","--","--","--","--","--","--","00:07:34","00:08:52.1","35","44"
Walking,2026-03-12 18:10:22,false,"Courbevoie Walking","0.63","43","00:09:30.9","108","123","0.3","81","125","15:07","6:17","11","6","0.81","--","--","--","--","--","0.0","--","--","864","--","--","-1","No","00:09:30.9","1","--","--","--","--","--","--","--","--","--","00:07:32","00:09:30.9","31","44"
Running,2026-03-11 17:33:42,false,"Paris Running","0.26","16","00:03:56.2","94","119","0.1","101","128","15:03","8:38","8","1","0.74","8.0","5.8","--","--","282","0.0","163","555","440","--","--","--","No","00:03:56.2","1","--","--","--","--","--","--","--","--","--","00:03:38","00:03:56.2","32","41"
Walking,2026-03-10 20:35:45,false,"Paris Walking","0.35","22","00:05:32.1","96","123","0.2","78","119","15:51","2:01","8","3","0.81","--","--","--","--","--","0.0","--","--","508","--","--","--","No","00:00:01.1","2","--","--","--","--","--","--","--","--","--","00:04:26","00:05:32.1","37","46"
Walking,2026-03-07 16:19:35,false,"Amsterdam Walking","0.37","30","00:07:33.0","101","115","0.2","66","126","20:17","7:10","5","6","0.75","--","--","--","--","--","0.0","--","--","564","--","--","--","No","00:07:33.0","1","--","--","--","--","--","--","--","--","--","00:04:43","00:07:33.0","3","12"
Walking,2026-03-07 14:24:04,false,"Amsterdam Walking","1.31","82","00:20:12","99","119","0.5","84","136","15:28","5:42","--","1","0.77","--","--","--","--","--","0.0","--","--","1,848","--","--","-2","No","00:03:31.0","2","--","--","--","--","--","--","--","--","--","00:15:06","00:20:12","4","8"
Walking,2026-03-07 13:15:10,false,"Amsterdam Walking","0.34","27","00:09:07.0","84","97","0.1","43","113","26:48","6:26","--","1","0.86","--","--","--","--","--","0.0","--","--","532","--","--","-1","No","00:09:07.0","1","--","--","--","--","--","--","--","--","--","00:04:35","00:09:07.0","4","6"
Walking,2026-03-07 12:36:19,false,"Amsterdam Walking","0.32","21","00:07:25.2","82","94","0.1","42","176","23:23","0:23","--","--","1.01","--","--","--","--","--","0.0","--","--","420","--","--","-1","No","00:07:25.2","1","--","--","--","--","--","--","--","--","--","00:04:30","00:07:25.2","6","8"
Walking,2026-03-07 11:38:37,false,"Amsterdam Walking","1.12","72","00:20:32","94","112","0.2","60","158","18:20","6:55","2","2","0.92","--","--","--","--","--","0.0","--","--","1,486","--","--","-3","No","00:04:03.6","2","--","--","--","--","--","--","--","--","--","00:15:04","00:20:32","4","8"
Walking,2026-03-06 22:41:07,false,"Amsterdam Walking","0.77","36","00:09:22.8","99","115","0.2","80","150","12:15","1:38","2","3","1.02","--","--","--","--","--","0.0","--","--","800","--","--","--","No","00:09:22.8","1","--","--","--","--","--","--","--","--","--","00:07:13","00:09:22.8","7","15"
Walking,2026-03-06 20:22:41,false,"Amsterdam Walking","0.39","31","00:09:06.9","91","102","0.1","56","115","23:26","3:30","7","10","0.76","--","--","--","--","--","0.0","--","--","628","--","--","--","No","00:09:06.9","1","--","--","--","--","--","--","--","--","--","00:06:13","00:09:06.9","4","11"
Walking,2026-03-06 20:03:35,false,"Amsterdam Walking","0.57","40","00:11:01","93","107","0.2","66","143","19:24","5:48","4","3","0.78","--","--","--","--","--","0.0","--","--","854","--","--","--","No","00:11:01","1","--","--","--","--","--","--","--","--","--","00:08:03","00:11:01","9","16"
Walking,2026-03-06 15:28:30,false,"Amsterdam Walking","0.52","39","00:10:06","99","112","0.2","72","115","19:21","2:30","7","4","0.72","--","--","--","--","--","0.0","--","--","768","--","--","-1","No","00:10:06","1","--","--","--","--","--","--","--","--","--","00:07:08","00:10:06","1","7"
Walking,2026-03-05 19:24:16,false,"Amsterdam Walking","1.69","117","00:40:00","86","105","0.2","58","160","23:36","5:48","10","9","0.73","--","--","--","--","--","0.0","--","--","2,794","--","--","-2","No","00:17:09","2","--","--","--","--","--","--","--","--","--","00:27:15","00:40:00","4","18"
Walking,2026-03-05 14:46:25,false,"Amsterdam Walking","0.64","55","00:11:46","110","129","0.4","67","119","18:23","7:34","--","--","0.81","--","--","--","--","--","0.0","--","--","864","--","--","-1","No","00:11:46","1","--","--","--","--","--","--","--","--","--","00:08:14","00:11:46","4","10"
Walking,2026-03-05 14:32:51,false,"Amsterdam Walking","0.48","40","00:08:12.7","113","128","0.3","70","122","17:08","10:09","3","--","0.83","--","--","--","--","--","0.0","--","--","652","--","--","-1","No","00:08:12.7","1","--","--","--","--","--","--","--","--","--","00:05:31","00:08:12.7","3","8"
Walking,2026-03-05 13:07:34,false,"Amsterdam Walking","0.46","36","00:08:06.9","110","120","0.2","74","122","17:34","7:40","--","1","0.77","--","--","--","--","--","0.0","--","--","642","--","--","-1","No","00:08:06.9","1","--","--","--","--","--","--","--","--","--","00:05:32","00:08:06.9","4","6"
Walking,2026-03-05 12:24:10,false,"Amsterdam Walking","0.61","40","00:10:01","97","112","0.2","75","128","16:21","6:11","2","--","0.81","--","--","--","--","--","0.0","--","--","802","--","--","-1","No","00:10:01","1","--","--","--","--","--","--","--","--","--","00:07:00","00:10:01","4","8"
Running,2026-03-04 21:36:17,false,"Amsterdam Running","0.47","29","00:05:58.3","114","121","0.3","112","120","12:35","6:27","4","4","0.75","7.9","5.9","--","--","110","0.0","95","211","682","--","--","--","No","00:05:58.3","1","--","--","--","--","--","--","--","--","--","00:05:48","00:05:58.3","3","9"
Walking,2026-03-04 18:12:18,false,"Amsterdam Walking","1.74","137","00:31:49","103","128","0.8","76","173","18:14","4:36","23","25","0.73","--","--","--","--","--","0.0","--","--","2,608","--","--","-2","No","00:14:49","2","--","--","--","--","--","--","--","--","--","00:22:42","00:31:49","-6","16"
Walking,2026-03-04 13:13:57,false,"Paris Walking","0.32","34","00:08:04.6","106","118","0.2","62","129","25:31","6:19","29","--","0.63","--","--","--","--","--","0.0","--","--","564","--","--","-1","No","00:08:04.6","1","--","--","--","--","--","--","--","--","--","00:04:38","00:08:04.6","42","73"
Walking,2026-03-03 14:08:13,false,"Vélizy-Villacoublay Walking","0.47","37","00:09:56.5","97","115","0.2","57","158","21:06","9:42","4","4","0.83","--","--","--","--","--","0.0","--","--","734","--","--","-2","No","00:09:56.5","1","--","--","--","--","--","--","--","--","--","00:07:26","00:09:56.5","177","181"
Walking,2026-02-26 11:49:09,false,"Puteaux Walking","0.51","32","00:06:52.8","100","110","0.3","83","119","13:36","5:45","59","58","0.88","--","--","--","--","--","0.0","--","--","694","--","--","--","No","00:06:52.8","1","--","--","--","--","--","--","--","--","--","00:05:53","00:06:52.8","34","95"
Walking,2026-02-24 16:13:10,false,"Paris Walking","0.52","34","00:09:40.3","94","102","0.1","59","111","18:40","8:53","6","6","0.91","--","--","--","--","--","0.0","--","--","700","--","--","--","No","00:09:40.3","1","--","--","--","--","--","--","--","--","--","00:06:55","00:09:40.3","33","42"
Running,2026-02-23 15:32:53,false,"Running","1.04","77","00:08:42.0","142","163","2.1","117","159","8:22","5:24","--","--","1.03","9.6","9.8","290","--","226","0.0","181","301","1,048","--","--","-3","No","00:02:07.0","2","--","--","--","--","--","--","--","--","--","00:06:38","00:08:42.0","--","--"
Walking,2026-02-21 13:27:36,false,"Houlgate Walking","0.69","42","00:10:11","98","119","0.2","67","123","14:50","5:25","7","--","1.00","--","--","--","--","--","0.0","--","--","788","--","--","-1","No","00:10:11","1","--","--","--","--","--","--","--","--","--","00:06:56","00:10:11","-2","16"
Walking,2026-02-21 13:07:38,false,"Dives-sur-Mer Walking","1.00","55","00:12:50","95","105","0.3","105","121","12:49","6:47","--","4","0.74","--","--","--","--","--","0.0","--","--","1,426","--","--","-1","No","00:00:01.4","2","--","--","--","--","--","--","--","--","--","00:12:25","00:12:50","4","11"
Walking,2026-02-21 12:01:03,false,"Dives-sur-Mer Walking","1.00","57","00:13:22","98","110","0.3","98","125","13:19","8:35","9","3","0.76","--","--","--","--","--","0.0","--","--","1,406","--","--","-2","No","00:00:11.8","2","--","--","--","--","--","--","--","--","--","00:12:45","00:13:22","4","11"
Walking,2026-02-21 11:33:42,false,"Houlgate Walking","1.67","95","00:21:58","100","113","0.5","96","150","13:10","9:21","8","14","0.79","--","--","--","--","--","0.0","--","--","2,246","--","--","-2","No","00:09:00.9","2","--","--","--","--","--","--","--","--","--","00:19:38","00:21:58","--","16"
Walking,2026-02-17 15:29:15,false,"Paris Walking","0.43","36","00:08:04.6","104","125","0.2","66","125","18:53","7:04","5","--","0.80","--","--","--","--","--","0.0","--","--","608","--","--","--","No","00:08:04.6","1","--","--","--","--","--","--","--","--","--","00:05:11","00:08:04.6","34","45"
Running,2026-02-17 14:07:32,false,"Paris Running","0.92","52","00:12:41","99","112","0.3","85","122","13:46","6:33","30","24","0.75","7.9","5.8","--","--","175","0.0","95","1,241","1,372","--","--","-1","No","00:12:41","1","--","--","--","--","--","--","--","--","--","00:10:22","00:12:41","33","59"
Running,2026-02-17 12:56:11,false,"Paris Running","0.65","42","00:09:27.2","100","111","0.3","87","142","14:27","8:43","42","11","0.77","7.7","5.9","--","--","167","0.0","103","490","886","--","--","-1","No","00:09:27.2","1","--","--","--","--","--","--","--","--","--","00:07:33","00:09:27.2","35","77"
Running,2026-02-14 17:14:53,false,"Running","1.09","68","00:08:35.7","134","147","1.6","125","163","7:55","5:38","--","--","1.00","9.4","9.3","281","--","230","0.0","187","286","1,158","--","--","-1","No","00:02:23.9","2","--","--","--","--","--","--","--","--","--","00:07:00.8","00:08:35.7","--","--"
Walking,2026-02-12 13:06:01,false,"Paris Walking","1.19","86","00:18:55","108","119","0.5","82","125","15:57","6:28","--","8","0.76","--","--","--","--","--","0.0","--","--","1,670","--","--","-1","No","00:07:06.6","2","--","--","--","--","--","--","--","--","--","00:14:00","00:18:55","35","47"
Treadmill Running,2026-02-11 15:17:50,false,"Treadmill Running","2.57","174","00:20:29","141","168","2.6","134","226","7:57","4:46","--","--","0.96","8.6","8.2","299","--","219","0.0","176","329","2,808","--","--","-4","No","00:04:25.8","3","--","--","--","--","--","--","--","--","--","00:19:10","00:20:29","--","--"
Walking,2026-02-11 08:56:27,false,"Vincennes Walking","0.57","54","00:08:32.6","124","134","0.7","80","137","15:05","5:44","22","--","0.83","--","--","--","--","--","0.0","--","--","808","--","--","-1","No","00:08:32.6","1","--","--","--","--","--","--","--","--","--","00:05:46","00:08:32.6","54","76"
Walking,2026-02-10 18:24:48,false,"Paris Walking","0.70","58","00:11:16","114","135","0.5","78","158","16:12","7:25","1","--","0.79","--","--","--","--","--","0.0","--","--","1,022","--","--","--","No","00:11:16","1","--","--","--","--","--","--","--","--","--","00:07:44","00:11:16","36","44"
Running,2026-02-10 17:58:22,false,"Paris Running","0.50","33","00:06:32.0","109","119","0.3","98","122","13:03","2:19","14","8","0.81","7.5","6.0","--","--","201","0.0","135","600","658","--","--","-1","No","00:06:32.0","1","--","--","--","--","--","--","--","--","--","00:05:35","00:06:32.0","30","44"
Treadmill Running,2026-02-10 13:01:17,false,"Treadmill Running","2.46","278","00:48:32","122","164","2.2","69","210","19:45","4:31","--","--","0.89","8.5","7.3","326","--","156","0.0","68","358","3,230","--","--","-7","No","00:10:06","3","--","--","--","--","--","--","--","--","--","00:22:01","00:48:32","--","--"
Treadmill Running,2026-02-09 16:20:33,false,"Treadmill Running","2.26","111","00:19:07","116","145","1.2","131","228","8:28","4:12","--","--","0.89","8.5","7.6","330","--","195","0.0","157","392","2,500","--","--","-3","No","00:02:07.7","3","--","--","--","--","--","--","--","--","--","00:18:58","00:19:07","--","--"
Running,2026-02-09 10:57:04,false,"Puteaux Running","0.36","25","00:05:26.3","104","119","0.2","72","123","15:03","4:16","8","15","0.89","7.2","6.1","454","--","66","0.0","40","116","426","--","--","-1","No","00:05:26.3","1","--","--","--","--","--","--","--","--","--","00:03:28","00:05:26.3","29","38"
Walking,2026-02-08 12:20:51,false,"Vélizy-Villacoublay Walking","0.51","35","00:10:00","91","102","0.1","68","150","19:48","2:20","--","4","0.74","--","--","--","--","--","0.0","--","--","752","--","--","--","No","00:10:00","1","--","--","--","--","--","--","--","--","--","00:06:58","00:10:00","174","179"
Walking,2026-02-08 11:46:46,false,"Vélizy-Villacoublay Walking","1.15","72","00:18:41","100","109","0.3","77","154","16:12","8:19","6","10","0.86","--","--","--","--","--","0.0","--","--","1,594","--","--","-2","No","00:03:06.5","2","--","--","--","--","--","--","--","--","--","00:16:07","00:18:41","176","186"
Walking,2026-02-08 10:52:22,false,"Vélizy-Villacoublay Walking","0.68","58","00:14:14","108","130","0.3","76","160","20:52","10:49","--","34","0.63","--","--","--","--","--","0.0","--","--","1,276","--","--","-1","No","00:14:14","1","--","--","--","--","--","--","--","--","--","00:12:07","00:14:14","140","181"
Running,2026-02-04 19:58:53,false,"Paris Running","0.67","40","00:08:39.8","102","110","0.2","97","127","12:51","7:58","30","5","0.75","8.0","6.0","445","--","195","0.0","115","491","884","--","--","-1","No","00:08:39.8","1","--","--","--","--","--","--","--","--","--","00:07:24","00:08:39.8","19","45"
Walking,2026-02-04 13:52:32,false,"Paris Walking","1.04","72","00:15:28","100","127","0.5","81","150","14:50","5:44","28","15","1.01","--","--","--","--","--","0.0","--","--","1,408","--","--","-2","No","00:03:22.5","2","--","--","--","--","--","--","--","--","--","00:10:43","00:15:28","28","48"
Running,2026-02-02 19:57:58,false,"Paris Running","0.38","29","00:05:48.3","105","121","0.2","94","140","15:20","7:56","9","7","0.76","7.9","6.0","444","--","257","0.0","144","752","616","--","--","-1","No","00:05:48.3","1","--","--","--","--","--","--","--","--","--","00:04:35","00:05:48.3","45","51"
Running,2026-01-29 15:34:46,false,"Paris Running","0.13","12","00:02:22.6","101","111","0.1","94","130","17:58","6:05","--","5","0.90","7.0","5.9","--","--","275","0.0","195","681","230","--","--","--","No","00:02:22.6","1","--","--","--","--","--","--","--","--","--","00:01:56","00:02:22.6","42","47"
Walking,2026-01-28 19:40:00,false,"Ivry-sur-Seine Walking","0.44","29","00:09:08.9","84","96","0.1","63","114","20:38","5:51","6","5","0.77","--","--","--","--","--","0.0","--","--","694","--","--","-1","No","00:09:08.9","1","--","--","--","--","--","--","--","--","--","00:06:30","00:09:08.9","59","72"
Strength Training,2026-01-27 20:27:07,false,"Strength","0.00","131","00:22:55","118","160","1.5","--","--","--","--","--","--","--","--","--","--","--","--","0.0","--","--","66","33","6","-3","No","00:22:55","1","--","--","--","--","--","--","--","--","--","00:05:26.7","00:22:55","--","--"
Treadmill Running,2026-01-26 21:21:49,false,"Treadmill Running","0.12","66","00:12:30","112","122","0.5","31","158","--","12:35","--","--","0.81","7.1","5.4","374","--","31","0.0","12","114","664","--","--","-1","No","00:00:02.9","3","--","--","--","--","--","--","--","--","--","00:02:13","00:12:32","--","--"
Running,2026-01-24 12:36:23,false,"Paris Running","0.20","12","00:03:28.5","89","97","0.0","71","120","17:43","8:28","2","--","0.76","7.8","5.8","--","--","99","0.0","67","615","320","--","--","--","No","00:03:28.5","1","--","--","--","--","--","--","--","--","--","00:02:24","00:03:28.5","38","44"
Walking,2026-01-24 11:17:39,false,"Paris Walking","1.01","56","00:12:26","97","109","0.3","102","125","12:21","5:50","9","--","0.79","--","--","--","--","--","0.0","--","--","1,350","--","--","-1","No","00:00:06.3","2","--","--","--","--","--","--","--","--","--","00:11:19","00:12:26","39","52"
Road Cycling,2026-01-22 19:28:02,false,"Paris Road Cycling","6.10","111","00:25:50","105","125","0.6","--","--","14.2","27.3","42","44","--","--","--","--","--","--","0.0","--","--","--","--","--","-2","No","00:07:24.6","2","--","--","--","--","--","--","--","--","--","00:22:30","00:25:50","39","70"
Running,2026-01-22 15:50:05,false,"Paris Running","0.64","38","00:07:40.3","109","119","0.3","106","120","12:04","5:48","24","18","0.83","7.4","5.9","--","--","132","0.0","102","327","822","--","--","-1","No","00:07:40.3","1","--","--","--","--","--","--","--","--","--","00:07:20","00:07:40.3","34","53"
Running,2026-01-20 15:42:31,false,"Running","2.08","102","00:10:46","160","186","2.6","133","174","5:11","3:02","--","--","1.41","7.3","10.1","233","--","351","0.0","277","462","1,510","--","--","-3","No","00:01:34.7","3","--","--","--","--","--","--","--","--","--","00:09:14","00:10:46","--","--"
Walking,2026-01-20 12:41:17,false,"Paris Walking","0.53","37","00:08:05.5","98","121","0.3","61","187","15:21","5:30","5","5","1.08","--","--","--","--","--","0.0","--","--","620","--","--","-1","No","00:08:05.5","1","--","--","--","--","--","--","--","--","--","00:06:46","00:08:05.5","37","44"
Road Cycling,2026-01-19 17:39:38,false,"Paris Road Cycling","2.74","69","00:10:58","120","137","0.8","--","--","15.0","25.4","22","13","--","--","--","--","--","--","0.0","--","--","--","--","--","-1","No","00:10:58","1","--","--","--","--","--","--","--","--","--","00:09:18","00:10:58","48","67"
Strength Training,2026-01-19 16:22:40,false,"Strength","0.00","182","00:34:30","117","144","1.5","--","--","--","--","--","--","--","--","--","--","--","--","0.0","--","--","270","135","18","-4","No","00:34:30","1","--","--","--","--","--","--","--","--","--","00:14:56","00:34:30","--","--"
Treadmill Running,2026-01-19 16:09:08,false,"Treadmill Running","1.37","98","00:13:12","137","187","2.3","105","167","9:39","3:57","--","--","1.17","8.6","8.8","267","--","250","0.0","153","401","1,406","--","--","-3","No","00:06:27.8","2","--","--","--","--","--","--","--","--","--","00:09:05","00:13:12","--","--"
Treadmill Running,2026-01-16 15:41:29,false,"Treadmill Running","2.43","223","00:45:53","119","184","2.8","63","240","18:53","3:41","--","--","1.06","8.1","7.8","267","--","205","0.0","75","413","2,708","--","--","-6","No","00:06:01.4","3","--","--","--","--","--","--","--","--","--","00:18:23","00:45:53","--","--"
Road Cycling,2026-01-15 18:25:55,false,"Paris Road Cycling","6.60","123","00:23:00","115","136","0.9","--","--","17.2","27.3","67","53","--","--","--","--","--","--","0.0","--","--","--","--","--","-3","No","00:05:53.5","2","--","--","--","--","--","--","--","--","--","00:21:22","00:23:00","22","50"
Strength Training,2026-01-15 12:20:37,false,"Strength","0.00","172","00:52:33","95","128","0.3","--","--","--","--","--","--","--","--","--","--","--","--","0.0","--","--","286","143","21","-7","No","00:52:33","1","--","--","--","--","--","--","--","--","--","00:22:56","01:15:26","--","--"
Road Cycling,2026-01-12 20:12:03,false,"Paris Road Cycling","4.15","69","00:13:45","109","139","0.6","--","--","18.1","26.0","23","37","--","--","--","--","--","--","0.0","--","--","--","--","--","-2","No","00:13:45","1","--","--","--","--","--","--","--","--","--","00:12:51","00:13:45","39","67"
Road Cycling,2026-01-12 17:59:47,false,"Paris Road Cycling","4.63","105","00:24:23","104","130","0.6","--","--","11.4","25.0","28","20","--","--","--","--","--","--","0.0","--","--","--","--","--","-3","No","00:24:23","1","--","--","--","--","--","--","--","--","--","00:19:50","00:24:23","39","68"
Strength Training,2026-01-12 15:38:37,false,"Strength","0.00","191","00:52:08","100","137","0.5","--","--","--","--","--","--","--","--","--","--","--","--","0.0","--","--","280","140","19","-6","No","00:52:08","1","--","--","--","--","--","--","--","--","--","00:33:00","01:02:48","--","--"
Strength Training,2026-01-10 17:02:17,false,"Strength","0.00","263","01:13:03","101","153","0.6","--","--","--","--","--","--","--","--","--","--","--","--","0.0","--","--","338","169","30","-3","No","01:13:03","1","--","--","--","--","--","--","--","--","--","00:34:35","01:13:03","--","--"
Road Cycling,2026-01-09 14:55:23,false,"Paris Road Cycling","2.98","80","00:13:47","116","140","0.9","--","--","13.0","23.7","33","17","--","--","--","--","--","--","0.0","--","--","--","--","--","-2","No","00:13:47","1","--","--","--","--","--","--","--","--","--","00:12:34","00:13:47","29","50"
Strength Training,2026-01-07 12:12:16,false,"Strength","0.00","215","01:01:53","98","134","0.4","--","--","--","--","--","--","--","--","--","--","--","--","0.0","--","--","418","209","26","-6","No","01:01:53","1","--","--","--","--","--","--","--","--","--","00:26:29","01:01:53","--","--"
Strength Training,2026-01-06 18:03:21,false,"Strength","0.00","87","00:26:07","94","119","0.2","--","--","--","--","--","--","--","--","--","--","--","--","0.0","--","--","178","89","15","-2","No","00:26:07","1","--","--","--","--","--","--","--","--","--","00:12:21","00:26:07","--","--"
Road Cycling,2026-01-06 12:36:39,false,"Paris Road Cycling","3.03","174","00:28:20","119","169","2.5","--","--","6.4","18.7","21","2","--","--","--","--","--","--","0.0","--","--","--","--","--","-6","No","00:28:20","1","--","--","--","--","--","--","--","--","--","00:15:43","00:28:20","37","64"
Road Cycling,2026-01-05 20:23:43,false,"Paris Road Cycling","3.21","141","00:29:13","111","153","1.7","--","--","6.6","20.9","19","38","--","--","--","--","--","--","0.0","--","--","--","--","--","-4","No","00:29:13","1","--","--","--","--","--","--","--","--","--","00:16:30","00:29:13","34","64"
Strength Training,2026-01-05 16:22:31,false,"Strength","0.00","241","00:45:20","118","160","2.0","--","--","--","--","--","--","--","--","--","--","--","--","0.0","--","--","132","66","10","-6","No","00:45:20","1","--","--","--","--","--","--","--","--","--","00:14:16","00:46:01","--","--"
Strength Training,2026-01-02 12:50:52,false,"Strength","0.00","105","00:31:28","94","120","0.3","--","--","--","--","--","--","--","--","--","--","--","--","0.0","--","--","206","103","12","-4","No","00:31:28","1","--","--","--","--","--","--","--","--","--","00:13:05","00:31:28","--","--"
Walking,2026-01-02 12:15:22,false,"Villejuif Walking","1.83","96","00:23:05","103","131","0.5","75","143","12:36","1:56","5","18","1.26","--","--","--","--","--","0.0","--","--","1,878","--","--","-4","No","00:09:44.7","2","--","--","--","--","--","--","--","--","--","00:17:35","00:28:16","93","107"
Breathwork,2025-12-27 00:28:19,false,"Tranquility","--","--","00:12:13","83","92","0.0","--","--","--","--","--","--","--","--","--","--","--","--","0.0","--","--","8","--","--","--","No","00:00:03","107","--","8","4","23","-5","31","26","29","43","00:00:00","00:12:43","--","--"
Running,1989-12-31 01:05:14,false,"Running","0.00","84","316:47:12","--","165","2.1","106","385","--","5:06","--","--","0.00","8.6","7.9","290","8.4% L / 91.6% R","195","0.0","90","304","2,147,484,794","--","--","-2","No","00:00:03.4","2","0.0","0","0","0","--","--","--","--","--","00:07:58","461:43:12","--","--"
